,team,points,points_against,opponent,points_diff,win,wasps_home,exeter_home,gloucester_home,worcester_home,saracens_home,welsh_home,harlequins_home,bath_home,leicester_home,irish_home,sale_home,northampton_home,wasps,exeter,gloucester,worcester,saracens,welsh,harlequins,bath,leicester,irish,sale,northampton,game,negatives,wasps_points,exeter_points,gloucester_points,worcester_points,saracens_points,welsh_points,harlequins_points,bath_points,leicester_points,irish_points,sale_points,northampton_points,round
0,wasps,40.0,42.0,harlequins,-2.0,0,1,0,0,0,0,0,0,0,0,0,0,0,1,0,0,0,0,0,1,0,0,0,0,0,1,-1,40.0,0.0,0.0,0.0,0.0,0.0,42.0,0.0,0.0,0.0,0.0,0.0,1
1,exeter,43.0,6.0,sale,37.0,1,0,1,0,0,0,0,0,0,0,0,0,0,0,1,0,0,0,0,0,0,0,0,1,0,2,-1,0.0,43.0,0.0,0.0,0.0,0.0,0.0,0.0,0.0,0.0,6.0,0.0,1
2,gloucester,19.0,24.0,northampton,-5.0,0,0,0,1,0,0,0,0,0,0,0,0,0,0,0,1,0,0,0,0,0,0,0,0,1,3,-1,0.0,0.0,19.0,0.0,0.0,0.0,0.0,0.0,0.0,0.0,0.0,24.0,1
3,worcester,23.0,24.0,bath,-1.0,0,0,0,0,1,0,0,0,0,0,0,0,0,0,0,0,1,0,0,0,1,0,0,0,0,4,-1,0.0,0.0,0.0,23.0,0.0,0.0,0.0,24.0,0.0,0.0,0.0,0.0,1
4,saracens,40.0,3.0,irish,37.0,1,0,0,0,0,1,0,0,0,0,0,0,0,0,0,0,0,1,0,0,0,0,1,0,0,5,-1,0.0,0.0,0.0,0.0,40.0,0.0,0.0,0.0,0.0,3.0,0.0,0.0,1
5,welsh,13.0,38.0,leicester,-25.0,0,0,0,0,0,0,1,0,0,0,0,0,0,0,0,0,0,0,1,0,0,1,0,0,0,6,-1,0.0,0.0,0.0,0.0,0.0,13.0,0.0,0.0,38.0,0.0,0.0,0.0,2
6,harlequins,40.0,3.0,welsh,37.0,1,0,0,0,0,0,0,1,0,0,0,0,0,0,0,0,0,0,1,1,0,0,0,0,0,7,-1,0.0,0.0,0.0,0.0,0.0,3.0,40.0,0.0,0.0,0.0,0.0,0.0,2
7,bath,30.0,23.0,wasps,7.0,1,0,0,0,0,0,0,0,1,0,0,0,0,1,0,0,0,0,0,0,1,0,0,0,0,8,-1,23.0,0.0,0.0,0.0,0.0,0.0,0.0,30.0,0.0,0.0,0.0,0.0,2
8,leicester,34.0,26.0,worcester,8.0,1,0,0,0,0,0,0,0,0,1,0,0,0,0,0,0,1,0,0,0,0,1,0,0,0,9,-1,0.0,0.0,0.0,26.0,0.0,0.0,0.0,0.0,34.0,0.0,0.0,0.0,2
9,irish,31.0,40.0,gloucester,-9.0,0,0,0,0,0,0,0,0,0,0,1,0,0,0,0,1,0,0,0,0,0,0,1,0,0,10,-1,0.0,0.0,40.0,0.0,0.0,0.0,0.0,0.0,0.0,31.0,0.0,0.0,2
10,sale,16.0,23.0,saracens,-7.0,0,0,0,0,0,0,0,0,0,0,0,1,0,0,0,0,0,1,0,0,0,0,0,1,0,11,-1,0.0,0.0,0.0,0.0,23.0,0.0,0.0,0.0,0.0,0.0,16.0,0.0,2
11,northampton,24.0,21.0,exeter,3.0,1,0,0,0,0,0,0,0,0,0,0,0,1,0,1,0,0,0,0,0,0,0,0,0,1,12,-1,0.0,21.0,0.0,0.0,0.0,0.0,0.0,0.0,0.0,0.0,0.0,24.0,3
12,bath,14.0,18.0,northampton,-4.0,0,0,0,0,0,0,0,0,1,0,0,0,0,0,0,0,0,0,0,0,1,0,0,0,1,13,-1,0.0,0.0,0.0,0.0,0.0,0.0,0.0,14.0,0.0,0.0,0.0,18.0,3
13,worcester,16.0,16.0,gloucester,0.0,0,0,0,0,1,0,0,0,0,0,0,0,0,0,0,1,1,0,0,0,0,0,0,0,0,14,-1,0.0,0.0,16.0,16.0,0.0,0.0,0.0,0.0,0.0,0.0,0.0,0.0,3
14,harlequins,37.0,14.0,sale,23.0,1,0,0,0,0,0,0,1,0,0,0,0,0,0,0,0,0,0,0,1,0,0,0,1,0,15,-1,0.0,0.0,0.0,0.0,0.0,0.0,37.0,0.0,0.0,0.0,14.0,0.0,3
15,wasps,43.0,14.0,irish,29.0,1,1,0,0,0,0,0,0,0,0,0,0,0,1,0,0,0,0,0,0,0,0,1,0,0,16,-1,43.0,0.0,0.0,0.0,0.0,0.0,0.0,0.0,0.0,14.0,0.0,0.0,3
16,saracens,9.0,9.0,leicester,0.0,0,0,0,0,0,1,0,0,0,0,0,0,0,0,0,0,0,1,0,0,0,1,0,0,0,17,-1,0.0,0.0,0.0,0.0,9.0,0.0,0.0,0.0,9.0,0.0,0.0,0.0,3
17,welsh,25.0,24.0,exeter,1.0,1,0,0,0,0,0,1,0,0,0,0,0,0,0,1,0,0,0,1,0,0,0,0,0,0,18,-1,0.0,24.0,0.0,0.0,0.0,25.0,0.0,0.0,0.0,0.0,0.0,0.0,4
18,sale,19.0,29.0,welsh,-10.0,0,0,0,0,0,0,0,0,0,0,0,1,0,0,0,0,0,0,1,0,0,0,0,1,0,19,-1,0.0,0.0,0.0,0.0,0.0,29.0,0.0,0.0,0.0,0.0,19.0,0.0,4
19,irish,29.0,22.0,bath,7.0,1,0,0,0,0,0,0,0,0,0,1,0,0,0,0,0,0,0,0,0,1,0,1,0,0,20,-1,0.0,0.0,0.0,0.0,0.0,0.0,0.0,22.0,0.0,29.0,0.0,0.0,4
20,northampton,37.0,31.0,worcester,6.0,1,0,0,0,0,0,0,0,0,0,0,0,1,0,0,0,1,0,0,0,0,0,0,0,1,21,-1,0.0,0.0,0.0,31.0,0.0,0.0,0.0,0.0,0.0,0.0,0.0,37.0,4
21,gloucester,29.0,22.0,wasps,7.0,1,0,0,1,0,0,0,0,0,0,0,0,0,1,0,1,0,0,0,0,0,0,0,0,0,22,-1,22.0,0.0,29.0,0.0,0.0,0.0,0.0,0.0,0.0,0.0,0.0,0.0,4
22,leicester,9.0,22.0,harlequins,-13.0,0,0,0,0,0,0,0,0,0,1,0,0,0,0,0,0,0,0,0,1,0,1,0,0,0,23,-1,0.0,0.0,0.0,0.0,0.0,0.0,22.0,0.0,9.0,0.0,0.0,0.0,4
23,exeter,14.0,12.0,saracens,2.0,1,0,1,0,0,0,0,0,0,0,0,0,0,0,1,0,0,1,0,0,0,0,0,0,0,24,-1,0.0,14.0,0.0,0.0,12.0,0.0,0.0,0.0,0.0,0.0,0.0,0.0,5
24,northampton,24.0,6.0,wasps,18.0,1,0,0,0,0,0,0,0,0,0,0,0,1,1,0,0,0,0,0,0,0,0,0,0,1,25,-1,6.0,0.0,0.0,0.0,0.0,0.0,0.0,0.0,0.0,0.0,0.0,24.0,5
25,worcester,35.0,11.0,irish,24.0,1,0,0,0,1,0,0,0,0,0,0,0,0,0,0,0,1,0,0,0,0,0,1,0,0,26,-1,0.0,0.0,0.0,35.0,0.0,0.0,0.0,0.0,0.0,11.0,0.0,0.0,5
26,bath,31.0,10.0,sale,21.0,1,0,0,0,0,0,0,0,1,0,0,0,0,0,0,0,0,0,0,0,1,0,0,1,0,27,-1,0.0,0.0,0.0,0.0,0.0,0.0,0.0,31.0,0.0,0.0,10.0,0.0,5
27,leicester,30.0,8.0,exeter,22.0,1,0,0,0,0,0,0,0,0,1,0,0,0,0,1,0,0,0,0,0,0,1,0,0,0,28,-1,0.0,8.0,0.0,0.0,0.0,0.0,0.0,0.0,30.0,0.0,0.0,0.0,5
28,harlequins,16.0,18.0,saracens,-2.0,0,0,0,0,0,0,0,1,0,0,0,0,0,0,0,0,0,1,0,1,0,0,0,0,0,29,-1,0.0,0.0,0.0,0.0,18.0,0.0,16.0,0.0,0.0,0.0,0.0,0.0,5
29,welsh,25.0,31.0,gloucester,-6.0,0,0,0,0,0,0,1,0,0,0,0,0,0,0,0,1,0,0,1,0,0,0,0,0,0,30,-1,0.0,0.0,31.0,0.0,0.0,25.0,0.0,0.0,0.0,0.0,0.0,0.0,6
30,sale,8.0,20.0,leicester,-12.0,0,0,0,0,0,0,0,0,0,0,0,1,0,0,0,0,0,0,0,0,0,1,0,1,0,31,-1,0.0,0.0,0.0,0.0,0.0,0.0,0.0,0.0,20.0,0.0,8.0,0.0,6
31,gloucester,16.0,10.0,bath,6.0,1,0,0,1,0,0,0,0,0,0,0,0,0,0,0,1,0,0,0,0,1,0,0,0,0,32,-1,0.0,0.0,16.0,0.0,0.0,0.0,0.0,10.0,0.0,0.0,0.0,0.0,6
32,exeter,42.0,28.0,harlequins,14.0,1,0,1,0,0,0,0,0,0,0,0,0,0,0,1,0,0,0,0,1,0,0,0,0,0,33,-1,0.0,42.0,0.0,0.0,0.0,0.0,28.0,0.0,0.0,0.0,0.0,0.0,6
33,irish,39.0,17.0,northampton,22.0,1,0,0,0,0,0,0,0,0,0,1,0,0,0,0,0,0,0,0,0,0,0,1,0,1,34,-1,0.0,0.0,0.0,0.0,0.0,0.0,0.0,0.0,0.0,39.0,0.0,17.0,6
34,welsh,23.0,28.0,saracens,-5.0,0,0,0,0,0,0,1,0,0,0,0,0,0,0,0,0,0,1,1,0,0,0,0,0,0,35,-1,0.0,0.0,0.0,0.0,28.0,23.0,0.0,0.0,0.0,0.0,0.0,0.0,6
35,wasps,10.0,6.0,worcester,4.0,1,1,0,0,0,0,0,0,0,0,0,0,0,1,0,0,1,0,0,0,0,0,0,0,0,36,-1,10.0,0.0,0.0,6.0,0.0,0.0,0.0,0.0,0.0,0.0,0.0,0.0,7
36,worcester,23.0,16.0,sale,7.0,1,0,0,0,1,0,0,0,0,0,0,0,0,0,0,0,1,0,0,0,0,0,0,1,0,37,-1,0.0,0.0,0.0,23.0,0.0,0.0,0.0,0.0,0.0,0.0,16.0,0.0,7
37,bath,23.0,15.0,exeter,8.0,1,0,0,0,0,0,0,0,1,0,0,0,0,0,1,0,0,0,0,0,1,0,0,0,0,38,-1,0.0,15.0,0.0,0.0,0.0,0.0,0.0,23.0,0.0,0.0,0.0,0.0,7
38,northampton,6.0,16.0,saracens,-10.0,0,0,0,0,0,0,0,0,0,0,0,0,1,0,0,0,0,1,0,0,0,0,0,0,1,39,-1,0.0,0.0,0.0,0.0,16.0,0.0,0.0,0.0,0.0,0.0,0.0,6.0,7
39,gloucester,27.0,21.0,leicester,6.0,1,0,0,1,0,0,0,0,0,0,0,0,0,0,0,1,0,0,0,0,0,1,0,0,0,40,-1,0.0,0.0,27.0,0.0,0.0,0.0,0.0,0.0,21.0,0.0,0.0,0.0,7
40,irish,28.0,31.0,harlequins,-3.0,0,0,0,0,0,0,0,0,0,0,1,0,0,0,0,0,0,0,0,1,0,0,1,0,0,41,-1,0.0,0.0,0.0,0.0,0.0,0.0,31.0,0.0,0.0,28.0,0.0,0.0,7
41,wasps,29.0,19.0,welsh,10.0,1,1,0,0,0,0,0,0,0,0,0,0,0,1,0,0,0,0,1,0,0,0,0,0,0,42,-1,29.0,0.0,0.0,0.0,0.0,19.0,0.0,0.0,0.0,0.0,0.0,0.0,8
42,sale,21.0,9.0,irish,12.0,1,0,0,0,0,0,0,0,0,0,0,1,0,0,0,0,0,0,0,0,0,0,1,1,0,43,-1,0.0,0.0,0.0,0.0,0.0,0.0,0.0,0.0,0.0,9.0,21.0,0.0,8
43,leicester,16.0,12.0,northampton,4.0,1,0,0,0,0,0,0,0,0,1,0,0,0,0,0,0,0,0,0,0,0,1,0,0,1,44,-1,0.0,0.0,0.0,0.0,0.0,0.0,0.0,0.0,16.0,0.0,0.0,12.0,8
44,exeter,33.0,9.0,worcester,24.0,1,0,1,0,0,0,0,0,0,0,0,0,0,0,1,0,1,0,0,0,0,0,0,0,0,45,-1,0.0,33.0,0.0,9.0,0.0,0.0,0.0,0.0,0.0,0.0,0.0,0.0,8
45,harlequins,28.0,25.0,gloucester,3.0,1,0,0,0,0,0,0,1,0,0,0,0,0,0,0,1,0,0,0,1,0,0,0,0,0,46,-1,0.0,0.0,25.0,0.0,0.0,0.0,28.0,0.0,0.0,0.0,0.0,0.0,8
46,saracens,29.0,24.0,wasps,5.0,1,0,0,0,0,1,0,0,0,0,0,0,0,1,0,0,0,1,0,0,0,0,0,0,0,47,-1,24.0,0.0,0.0,0.0,29.0,0.0,0.0,0.0,0.0,0.0,0.0,0.0,8
47,welsh,16.0,9.0,bath,7.0,1,0,0,0,0,0,1,0,0,0,0,0,0,0,0,0,0,0,1,0,1,0,0,0,0,48,-1,0.0,0.0,0.0,0.0,0.0,16.0,0.0,9.0,0.0,0.0,0.0,0.0,9
48,bath,21.0,18.0,harlequins,3.0,1,0,0,0,0,0,0,0,1,0,0,0,0,0,0,0,0,0,0,1,1,0,0,0,0,49,-1,0.0,0.0,0.0,0.0,0.0,0.0,18.0,21.0,0.0,0.0,0.0,0.0,9
49,worcester,12.0,3.0,saracens,9.0,1,0,0,0,1,0,0,0,0,0,0,0,0,0,0,0,1,1,0,0,0,0,0,0,0,50,-1,0.0,0.0,0.0,12.0,3.0,0.0,0.0,0.0,0.0,0.0,0.0,0.0,9
50,gloucester,29.0,3.0,sale,26.0,1,0,0,1,0,0,0,0,0,0,0,0,0,0,0,1,0,0,0,0,0,0,0,1,0,51,-1,0.0,0.0,29.0,0.0,0.0,0.0,0.0,0.0,0.0,0.0,3.0,0.0,9
51,northampton,23.0,16.0,welsh,7.0,1,0,0,0,0,0,0,0,0,0,0,0,1,0,0,0,0,0,1,0,0,0,0,0,1,52,-1,0.0,0.0,0.0,0.0,0.0,16.0,0.0,0.0,0.0,0.0,0.0,23.0,9
52,wasps,14.0,12.0,leicester,2.0,1,1,0,0,0,0,0,0,0,0,0,0,0,1,0,0,0,0,0,0,0,1,0,0,0,53,-1,14.0,0.0,0.0,0.0,0.0,0.0,0.0,0.0,12.0,0.0,0.0,0.0,9
53,irish,23.0,27.0,exeter,-4.0,0,0,0,0,0,0,0,0,0,0,1,0,0,0,1,0,0,0,0,0,0,0,1,0,0,54,-1,0.0,27.0,0.0,0.0,0.0,0.0,0.0,0.0,0.0,23.0,0.0,0.0,10
54,harlequins,22.0,19.0,worcester,3.0,1,0,0,0,0,0,0,1,0,0,0,0,0,0,0,0,1,0,0,1,0,0,0,0,0,55,-1,0.0,0.0,0.0,19.0,0.0,0.0,22.0,0.0,0.0,0.0,0.0,0.0,10
55,sale,16.0,27.0,northampton,-11.0,0,0,0,0,0,0,0,0,0,0,0,1,0,0,0,0,0,0,0,0,0,0,0,1,1,56,-1,0.0,0.0,0.0,0.0,0.0,0.0,0.0,0.0,0.0,0.0,16.0,27.0,10
56,leicester,17.0,12.0,bath,5.0,1,0,0,0,0,0,0,0,0,1,0,0,0,0,0,0,0,0,0,0,1,1,0,0,0,57,-1,0.0,0.0,0.0,0.0,0.0,0.0,0.0,12.0,17.0,0.0,0.0,0.0,10
57,welsh,15.0,9.0,irish,6.0,1,0,0,0,0,0,1,0,0,0,0,0,0,0,0,0,0,0,1,0,0,0,1,0,0,58,-1,0.0,0.0,0.0,0.0,0.0,15.0,0.0,0.0,0.0,9.0,0.0,0.0,10
58,exeter,30.0,23.0,wasps,7.0,1,0,1,0,0,0,0,0,0,0,0,0,0,1,1,0,0,0,0,0,0,0,0,0,0,59,-1,23.0,30.0,0.0,0.0,0.0,0.0,0.0,0.0,0.0,0.0,0.0,0.0,10
59,saracens,28.0,23.0,gloucester,5.0,1,0,0,0,0,1,0,0,0,0,0,0,0,0,0,1,0,1,0,0,0,0,0,0,0,60,-1,0.0,0.0,23.0,0.0,28.0,0.0,0.0,0.0,0.0,0.0,0.0,0.0,11
60,worcester,13.0,6.0,welsh,7.0,1,0,0,0,1,0,0,0,0,0,0,0,0,0,0,0,1,0,1,0,0,0,0,0,0,61,-1,0.0,0.0,0.0,13.0,0.0,6.0,0.0,0.0,0.0,0.0,0.0,0.0,11
61,bath,0.0,22.0,saracens,-22.0,0,0,0,0,0,0,0,0,1,0,0,0,0,0,0,0,0,1,0,0,1,0,0,0,0,62,-1,0.0,0.0,0.0,0.0,22.0,0.0,0.0,0.0,0.0,0.0,0.0,0.0,11
62,gloucester,18.0,16.0,exeter,2.0,1,0,0,1,0,0,0,0,0,0,0,0,0,0,1,1,0,0,0,0,0,0,0,0,0,63,-1,0.0,16.0,18.0,0.0,0.0,0.0,0.0,0.0,0.0,0.0,0.0,0.0,11
63,irish,9.0,31.0,leicester,-22.0,0,0,0,0,0,0,0,0,0,0,1,0,0,0,0,0,0,0,0,0,0,1,1,0,0,64,-1,0.0,0.0,0.0,0.0,0.0,0.0,0.0,0.0,31.0,9.0,0.0,0.0,11
64,northampton,9.0,18.0,harlequins,-9.0,0,0,0,0,0,0,0,0,0,0,0,0,1,0,0,0,0,0,0,1,0,0,0,0,1,65,-1,0.0,0.0,0.0,0.0,0.0,0.0,18.0,0.0,0.0,0.0,0.0,9.0,11
65,wasps,25.0,18.0,sale,7.0,1,1,0,0,0,0,0,0,0,0,0,0,0,1,0,0,0,0,0,0,0,0,0,1,0,66,-1,25.0,0.0,0.0,0.0,0.0,0.0,0.0,0.0,0.0,0.0,18.0,0.0,12
66,sale,33.0,27.0,worcester,6.0,1,0,0,0,0,0,0,0,0,0,0,1,0,0,0,0,1,0,0,0,0,0,0,1,0,67,-1,0.0,0.0,0.0,27.0,0.0,0.0,0.0,0.0,0.0,0.0,33.0,0.0,12
67,harlequins,26.0,15.0,irish,11.0,1,0,0,0,0,0,0,1,0,0,0,0,0,0,0,0,0,0,0,1,0,0,1,0,0,68,-1,0.0,0.0,0.0,0.0,0.0,0.0,26.0,0.0,0.0,15.0,0.0,0.0,12
68,exeter,12.0,12.0,bath,0.0,0,0,1,0,0,0,0,0,0,0,0,0,0,0,1,0,0,0,0,0,1,0,0,0,0,69,-1,0.0,12.0,0.0,0.0,0.0,0.0,0.0,12.0,0.0,0.0,0.0,0.0,12
69,welsh,15.0,34.0,wasps,-19.0,0,0,0,0,0,0,1,0,0,0,0,0,0,1,0,0,0,0,1,0,0,0,0,0,0,70,-1,34.0,0.0,0.0,0.0,0.0,15.0,0.0,0.0,0.0,0.0,0.0,0.0,12
70,leicester,17.0,12.0,gloucester,5.0,1,0,0,0,0,0,0,0,0,1,0,0,0,0,0,1,0,0,0,0,0,1,0,0,0,71,-1,0.0,0.0,12.0,0.0,0.0,0.0,0.0,0.0,17.0,0.0,0.0,0.0,12
71,saracens,17.0,16.0,northampton,1.0,1,0,0,0,0,1,0,0,0,0,0,0,0,0,0,0,0,1,0,0,0,0,0,0,1,72,-1,0.0,0.0,0.0,0.0,17.0,0.0,0.0,0.0,0.0,0.0,0.0,16.0,13
72,worcester,14.0,19.0,leicester,-5.0,0,0,0,0,1,0,0,0,0,0,0,0,0,0,0,0,1,0,0,0,0,1,0,0,0,73,-1,0.0,0.0,0.0,14.0,0.0,0.0,0.0,0.0,19.0,0.0,0.0,0.0,13
73,exeter,19.0,30.0,northampton,-11.0,0,0,1,0,0,0,0,0,0,0,0,0,0,0,1,0,0,0,0,0,0,0,0,0,1,74,-1,0.0,19.0,0.0,0.0,0.0,0.0,0.0,0.0,0.0,0.0,0.0,30.0,13
74,gloucester,12.0,18.0,irish,-6.0,0,0,0,1,0,0,0,0,0,0,0,0,0,0,0,1,0,0,0,0,0,0,1,0,0,75,-1,0.0,0.0,12.0,0.0,0.0,0.0,0.0,0.0,0.0,18.0,0.0,0.0,13
75,welsh,26.0,31.0,harlequins,-5.0,0,0,0,0,0,0,1,0,0,0,0,0,0,0,0,0,0,0,1,1,0,0,0,0,0,76,-1,0.0,0.0,0.0,0.0,0.0,26.0,31.0,0.0,0.0,0.0,0.0,0.0,13
76,saracens,32.0,12.0,sale,20.0,1,0,0,0,0,1,0,0,0,0,0,0,0,0,0,0,0,1,0,0,0,0,0,1,0,77,-1,0.0,0.0,0.0,0.0,32.0,0.0,0.0,0.0,0.0,0.0,12.0,0.0,13
77,wasps,29.0,15.0,bath,14.0,1,1,0,0,0,0,0,0,0,0,0,0,0,1,0,0,0,0,0,0,1,0,0,0,0,78,-1,29.0,0.0,0.0,0.0,0.0,0.0,0.0,15.0,0.0,0.0,0.0,0.0,14
78,sale,21.0,16.0,exeter,5.0,1,0,0,0,0,0,0,0,0,0,0,1,0,0,1,0,0,0,0,0,0,0,0,1,0,79,-1,0.0,16.0,0.0,0.0,0.0,0.0,0.0,0.0,0.0,0.0,21.0,0.0,14
79,northampton,11.0,27.0,gloucester,-16.0,0,0,0,0,0,0,0,0,0,0,0,0,1,0,0,1,0,0,0,0,0,0,0,0,1,80,-1,0.0,0.0,27.0,0.0,0.0,0.0,0.0,0.0,0.0,0.0,0.0,11.0,14
80,bath,32.0,9.0,worcester,23.0,1,0,0,0,0,0,0,0,1,0,0,0,0,0,0,0,1,0,0,0,1,0,0,0,0,81,-1,0.0,0.0,0.0,9.0,0.0,0.0,0.0,32.0,0.0,0.0,0.0,0.0,14
81,leicester,28.0,12.0,welsh,16.0,1,0,0,0,0,0,0,0,0,1,0,0,0,0,0,0,0,0,1,0,0,1,0,0,0,82,-1,0.0,0.0,0.0,0.0,0.0,12.0,0.0,0.0,28.0,0.0,0.0,0.0,14
82,irish,29.0,16.0,saracens,13.0,1,0,0,0,0,0,0,0,0,0,1,0,0,0,0,0,0,1,0,0,0,0,1,0,0,83,-1,0.0,0.0,0.0,0.0,16.0,0.0,0.0,0.0,0.0,29.0,0.0,0.0,14
83,harlequins,16.0,17.0,wasps,-1.0,0,0,0,0,0,0,0,1,0,0,0,0,0,1,0,0,0,0,0,1,0,0,0,0,0,84,-1,17.0,0.0,0.0,0.0,0.0,0.0,16.0,0.0,0.0,0.0,0.0,0.0,15
84,bath,40.0,16.0,irish,24.0,1,0,0,0,0,0,0,0,1,0,0,0,0,0,0,0,0,0,0,0,1,0,1,0,0,85,-1,0.0,0.0,0.0,0.0,0.0,0.0,0.0,40.0,0.0,16.0,0.0,0.0,15
85,saracens,31.0,11.0,exeter,20.0,1,0,0,0,0,1,0,0,0,0,0,0,0,0,1,0,0,1,0,0,0,0,0,0,0,86,-1,0.0,11.0,0.0,0.0,31.0,0.0,0.0,0.0,0.0,0.0,0.0,0.0,15
86,worcester,18.0,27.0,northampton,-9.0,0,0,0,0,1,0,0,0,0,0,0,0,0,0,0,0,1,0,0,0,0,0,0,0,1,87,-1,0.0,0.0,0.0,18.0,0.0,0.0,0.0,0.0,0.0,0.0,0.0,27.0,15
87,harlequins,25.0,21.0,leicester,4.0,1,0,0,0,0,0,0,1,0,0,0,0,0,0,0,0,0,0,0,1,0,1,0,0,0,88,-1,0.0,0.0,0.0,0.0,0.0,0.0,25.0,0.0,21.0,0.0,0.0,0.0,15
88,wasps,33.0,29.0,gloucester,4.0,1,1,0,0,0,0,0,0,0,0,0,0,0,1,0,1,0,0,0,0,0,0,0,0,0,89,-1,33.0,0.0,29.0,0.0,0.0,0.0,0.0,0.0,0.0,0.0,0.0,0.0,15
89,welsh,25.0,26.0,sale,-1.0,0,0,0,0,0,0,1,0,0,0,0,0,0,0,0,0,0,0,1,0,0,0,0,1,0,90,-1,0.0,0.0,0.0,0.0,0.0,25.0,0.0,0.0,0.0,0.0,26.0,0.0,16
90,gloucester,29.0,23.0,worcester,6.0,1,0,0,1,0,0,0,0,0,0,0,0,0,0,0,1,1,0,0,0,0,0,0,0,0,91,-1,0.0,0.0,29.0,23.0,0.0,0.0,0.0,0.0,0.0,0.0,0.0,0.0,16
91,sale,21.0,30.0,harlequins,-9.0,0,0,0,0,0,0,0,0,0,0,0,1,0,0,0,0,0,0,0,1,0,0,0,1,0,92,-1,0.0,0.0,0.0,0.0,0.0,0.0,30.0,0.0,0.0,0.0,21.0,0.0,16
92,exeter,47.0,16.0,welsh,31.0,1,0,1,0,0,0,0,0,0,0,0,0,0,0,1,0,0,0,1,0,0,0,0,0,0,93,-1,0.0,47.0,0.0,0.0,0.0,16.0,0.0,0.0,0.0,0.0,0.0,0.0,16
93,northampton,25.0,23.0,bath,2.0,1,0,0,0,0,0,0,0,0,0,0,0,1,0,0,0,0,0,0,0,1,0,0,0,1,94,-1,0.0,0.0,0.0,0.0,0.0,0.0,0.0,23.0,0.0,0.0,0.0,25.0,16
94,leicester,27.0,32.0,saracens,-5.0,0,0,0,0,0,0,0,0,0,1,0,0,0,0,0,0,0,1,0,0,0,1,0,0,0,95,-1,0.0,0.0,0.0,0.0,32.0,0.0,0.0,0.0,27.0,0.0,0.0,0.0,16
95,irish,30.0,19.0,wasps,11.0,1,0,0,0,0,0,0,0,0,0,1,0,0,1,0,0,0,0,0,0,0,0,1,0,0,96,-1,19.0,0.0,0.0,0.0,0.0,0.0,0.0,0.0,0.0,30.0,0.0,0.0,17
96,bath,31.0,25.0,gloucester,6.0,1,0,0,0,0,0,0,0,1,0,0,0,0,0,0,1,0,0,0,0,1,0,0,0,0,97,-1,0.0,0.0,25.0,0.0,0.0,0.0,0.0,31.0,0.0,0.0,0.0,0.0,17
97,worcester,29.0,23.0,wasps,6.0,1,0,0,0,1,0,0,0,0,0,0,0,0,1,0,0,1,0,0,0,0,0,0,0,0,98,-1,23.0,0.0,0.0,29.0,0.0,0.0,0.0,0.0,0.0,0.0,0.0,0.0,17
98,leicester,48.0,10.0,sale,38.0,1,0,0,0,0,0,0,0,0,1,0,0,0,0,0,0,0,0,0,0,0,1,0,1,0,99,-1,0.0,0.0,0.0,0.0,0.0,0.0,0.0,0.0,48.0,0.0,10.0,0.0,17
99,northampton,40.0,14.0,irish,26.0,1,0,0,0,0,0,0,0,0,0,0,0,1,0,0,0,0,0,0,0,0,0,1,0,1,100,-1,0.0,0.0,0.0,0.0,0.0,0.0,0.0,0.0,0.0,14.0,0.0,40.0,17
100,harlequins,16.0,27.0,exeter,-11.0,0,0,0,0,0,0,0,1,0,0,0,0,0,0,1,0,0,0,0,1,0,0,0,0,0,101,-1,0.0,27.0,0.0,0.0,0.0,0.0,16.0,0.0,0.0,0.0,0.0,0.0,17
101,saracens,35.0,14.0,welsh,21.0,1,0,0,0,0,1,0,0,0,0,0,0,0,0,0,0,0,1,1,0,0,0,0,0,0,102,-1,0.0,0.0,0.0,0.0,35.0,14.0,0.0,0.0,0.0,0.0,0.0,0.0,18
102,sale,14.0,13.0,bath,1.0,1,0,0,0,0,0,0,0,0,0,0,1,0,0,0,0,0,0,0,0,1,0,0,1,0,103,-1,0.0,0.0,0.0,0.0,0.0,0.0,0.0,13.0,0.0,0.0,14.0,0.0,18
103,gloucester,15.0,14.0,welsh,1.0,1,0,0,1,0,0,0,0,0,0,0,0,0,0,0,1,0,0,1,0,0,0,0,0,0,104,-1,0.0,0.0,15.0,0.0,0.0,14.0,0.0,0.0,0.0,0.0,0.0,0.0,18
104,irish,26.0,6.0,worcester,20.0,1,0,0,0,0,0,0,0,0,0,1,0,0,0,0,0,1,0,0,0,0,0,1,0,0,105,-1,0.0,0.0,0.0,6.0,0.0,0.0,0.0,0.0,0.0,26.0,0.0,0.0,18
105,wasps,24.0,26.0,northampton,-2.0,0,1,0,0,0,0,0,0,0,0,0,0,0,1,0,0,0,0,0,0,0,0,0,0,1,106,-1,24.0,0.0,0.0,0.0,0.0,0.0,0.0,0.0,0.0,0.0,0.0,26.0,18
106,exeter,9.0,12.0,leicester,-3.0,0,0,1,0,0,0,0,0,0,0,0,0,0,0,1,0,0,0,0,0,0,1,0,0,0,107,-1,0.0,9.0,0.0,0.0,0.0,0.0,0.0,0.0,12.0,0.0,0.0,0.0,18
107,saracens,27.0,12.0,harlequins,15.0,1,0,0,0,0,1,0,0,0,0,0,0,0,0,0,0,0,1,0,1,0,0,0,0,0,108,-1,0.0,0.0,0.0,0.0,27.0,0.0,12.0,0.0,0.0,0.0,0.0,0.0,19
108,gloucester,17.0,15.0,harlequins,2.0,1,0,0,1,0,0,0,0,0,0,0,0,0,0,0,1,0,0,0,1,0,0,0,0,0,109,-1,0.0,0.0,17.0,0.0,0.0,0.0,15.0,0.0,0.0,0.0,0.0,0.0,19
109,bath,40.0,25.0,welsh,15.0,1,0,0,0,0,0,0,0,1,0,0,0,0,0,0,0,0,0,1,0,1,0,0,0,0,110,-1,0.0,0.0,0.0,0.0,0.0,25.0,0.0,40.0,0.0,0.0,0.0,0.0,19
110,northampton,8.0,36.0,leicester,-28.0,0,0,0,0,0,0,0,0,0,0,0,0,1,0,0,0,0,0,0,0,0,1,0,0,1,111,-1,0.0,0.0,0.0,0.0,0.0,0.0,0.0,0.0,36.0,0.0,0.0,8.0,19
111,wasps,13.0,22.0,saracens,-9.0,0,1,0,0,0,0,0,0,0,0,0,0,0,1,0,0,0,1,0,0,0,0,0,0,0,112,-1,13.0,0.0,0.0,0.0,22.0,0.0,0.0,0.0,0.0,0.0,0.0,0.0,19
112,worcester,18.0,24.0,exeter,-6.0,0,0,0,0,1,0,0,0,0,0,0,0,0,0,1,0,1,0,0,0,0,0,0,0,0,113,-1,0.0,24.0,0.0,18.0,0.0,0.0,0.0,0.0,0.0,0.0,0.0,0.0,19
113,irish,33.0,33.0,sale,0.0,0,0,0,0,0,0,0,0,0,0,1,0,0,0,0,0,0,0,0,0,0,0,1,1,0,114,-1,0.0,0.0,0.0,0.0,0.0,0.0,0.0,0.0,0.0,33.0,33.0,0.0,20
114,sale,32.0,9.0,gloucester,23.0,1,0,0,0,0,0,0,0,0,0,0,1,0,0,0,1,0,0,0,0,0,0,0,1,0,115,-1,0.0,0.0,9.0,0.0,0.0,0.0,0.0,0.0,0.0,0.0,32.0,0.0,20
115,harlequins,23.0,9.0,bath,14.0,1,0,0,0,0,0,0,1,0,0,0,0,0,0,0,0,0,0,0,1,1,0,0,0,0,116,-1,0.0,0.0,0.0,0.0,0.0,0.0,23.0,9.0,0.0,0.0,0.0,0.0,20
116,exeter,27.0,6.0,irish,21.0,1,0,1,0,0,0,0,0,0,0,0,0,0,0,1,0,0,0,0,0,0,0,1,0,0,117,-1,0.0,27.0,0.0,0.0,0.0,0.0,0.0,0.0,0.0,6.0,0.0,0.0,20
117,welsh,14.0,31.0,northampton,-17.0,0,0,0,0,0,0,1,0,0,0,0,0,0,0,0,0,0,0,1,0,0,0,0,0,1,118,-1,0.0,0.0,0.0,0.0,0.0,14.0,0.0,0.0,0.0,0.0,0.0,31.0,20
118,saracens,47.0,17.0,worcester,30.0,1,0,0,0,0,1,0,0,0,0,0,0,0,0,0,0,1,1,0,0,0,0,0,0,0,119,-1,0.0,0.0,0.0,17.0,47.0,0.0,0.0,0.0,0.0,0.0,0.0,0.0,20
119,leicester,35.0,16.0,wasps,19.0,1,0,0,0,0,0,0,0,0,1,0,0,0,1,0,0,0,0,0,0,0,1,0,0,0,120,-1,16.0,0.0,0.0,0.0,0.0,0.0,0.0,0.0,35.0,0.0,0.0,0.0,21
120,bath,27.0,26.0,leicester,1.0,1,0,0,0,0,0,0,0,1,0,0,0,0,0,0,0,0,0,0,0,1,1,0,0,0,121,-1,0.0,0.0,0.0,0.0,0.0,0.0,0.0,27.0,26.0,0.0,0.0,0.0,21
121,gloucester,28.0,23.0,saracens,5.0,1,0,0,1,0,0,0,0,0,0,0,0,0,0,0,1,0,1,0,0,0,0,0,0,0,122,-1,0.0,0.0,28.0,0.0,23.0,0.0,0.0,0.0,0.0,0.0,0.0,0.0,21
122,irish,47.0,28.0,welsh,19.0,1,0,0,0,0,0,0,0,0,0,1,0,0,0,0,0,0,0,1,0,0,0,1,0,0,123,-1,0.0,0.0,0.0,0.0,0.0,28.0,0.0,0.0,0.0,47.0,0.0,0.0,21
123,worcester,26.0,42.0,harlequins,-16.0,0,0,0,0,1,0,0,0,0,0,0,0,0,0,0,0,1,0,0,1,0,0,0,0,0,124,-1,0.0,0.0,0.0,26.0,0.0,0.0,42.0,0.0,0.0,0.0,0.0,0.0,21
124,northampton,47.0,7.0,sale,40.0,1,0,0,0,0,0,0,0,0,0,0,0,1,0,0,0,0,0,0,0,0,0,0,1,1,125,-1,0.0,0.0,0.0,0.0,0.0,0.0,0.0,0.0,0.0,0.0,7.0,47.0,21
125,wasps,24.0,37.0,exeter,-13.0,0,1,0,0,0,0,0,0,0,0,0,0,0,1,1,0,0,0,0,0,0,0,0,0,0,126,-1,24.0,37.0,0.0,0.0,0.0,0.0,0.0,0.0,0.0,0.0,0.0,0.0,22
126,exeter,40.0,39.0,gloucester,1.0,1,0,1,0,0,0,0,0,0,0,0,0,0,0,1,1,0,0,0,0,0,0,0,0,0,127,-1,0.0,40.0,39.0,0.0,0.0,0.0,0.0,0.0,0.0,0.0,0.0,0.0,22
127,harlequins,22.0,19.0,northampton,3.0,1,0,0,0,0,0,0,1,0,0,0,0,0,0,0,0,0,0,0,1,0,0,0,0,1,128,-1,0.0,0.0,0.0,0.0,0.0,0.0,22.0,0.0,0.0,0.0,0.0,19.0,22
128,leicester,32.0,20.0,irish,12.0,1,0,0,0,0,0,0,0,0,1,0,0,0,0,0,0,0,0,0,0,0,1,1,0,0,129,-1,0.0,0.0,0.0,0.0,0.0,0.0,0.0,0.0,32.0,20.0,0.0,0.0,22
129,welsh,33.0,22.0,worcester,11.0,1,0,0,0,0,0,1,0,0,0,0,0,0,0,0,0,1,0,1,0,0,0,0,0,0,130,-1,0.0,0.0,0.0,22.0,0.0,33.0,0.0,0.0,0.0,0.0,0.0,0.0,22
130,sale,21.0,20.0,wasps,1.0,1,0,0,0,0,0,0,0,0,0,0,1,0,1,0,0,0,0,0,0,0,0,0,1,0,131,-1,20.0,0.0,0.0,0.0,0.0,0.0,0.0,0.0,0.0,0.0,21.0,0.0,22
131,saracens,23.0,14.0,bath,9.0,1,0,0,0,0,1,0,0,0,0,0,0,0,0,0,0,0,1,0,0,1,0,0,0,0,132,-1,0.0,0.0,0.0,0.0,23.0,0.0,0.0,14.0,0.0,0.0,0.0,0.0,23
